Linf,K,rmax
90.6849132994827,0.465917037161655,51.7938527768614
