Linf,K,rmax
63.8639415036071,2.58478025938604,36.8989192831561
