Linf,k,alpha,beta,sigma_a,sigma_b
420.39175156021,0.00033383905133086,1.00002876589024,0.254980730214485,2,2.5
