Linf,k,t0,sigma_a,sigma_b
73.4163639310593,0.810747593346711,-0.606981410122862,2,2.5
