Linf,k,t0,sigma_a,sigma_b
91.0527871959764,0.386844843733727,-1.00686265950565,1.5,2
