Linf,k,t0
81.8743511772615,1.0907075674507,-0.206260013082399
